signer14_sample1,156
signer14_sample10,167
signer14_sample100,13
signer14_sample101,122
signer14_sample102,136
signer14_sample103,43
signer14_sample104,178
signer14_sample105,39
signer14_sample106,180
signer14_sample107,140
signer14_sample108,152
signer14_sample109,84
signer14_sample11,186
signer14_sample110,157
signer14_sample111,94
signer14_sample112,68
signer14_sample113,60
signer14_sample114,17
signer14_sample115,50
signer14_sample116,172
signer14_sample117,102
signer14_sample118,83
signer14_sample119,108
signer14_sample12,66
signer14_sample120,37
signer14_sample121,8
signer14_sample122,26
signer14_sample123,48
signer14_sample124,169
signer14_sample125,2
signer14_sample126,50
signer14_sample127,218
signer14_sample128,70
signer14_sample129,72
signer14_sample13,142
signer14_sample130,171
signer14_sample131,161
signer14_sample132,72
signer14_sample133,52
signer14_sample134,107
signer14_sample135,218
signer14_sample136,95
signer14_sample137,193
signer14_sample138,220
signer14_sample139,44
signer14_sample14,196
signer14_sample140,203
signer14_sample141,69
signer14_sample142,178
signer14_sample143,115
signer14_sample144,76
signer14_sample145,93
signer14_sample146,3
signer14_sample147,90
signer14_sample148,120
signer14_sample149,164
signer14_sample15,18
signer14_sample150,75
signer14_sample151,45
signer14_sample152,99
signer14_sample153,110
signer14_sample154,105
signer14_sample155,207
signer14_sample156,71
signer14_sample157,80
signer14_sample158,82
signer14_sample159,76
signer14_sample16,51
signer14_sample160,55
signer14_sample161,44
signer14_sample162,151
signer14_sample163,64
signer14_sample164,210
signer14_sample165,215
signer14_sample166,126
signer14_sample167,205
signer14_sample168,40
signer14_sample169,62
signer14_sample17,15
signer14_sample170,23
signer14_sample171,158
signer14_sample172,89
signer14_sample173,111
signer14_sample174,169
signer14_sample175,31
signer14_sample176,142
signer14_sample177,221
signer14_sample178,43
signer14_sample179,140
signer14_sample18,106
signer14_sample180,19
signer14_sample181,213
signer14_sample182,115
signer14_sample183,142
signer14_sample184,126
signer14_sample185,116
signer14_sample186,42
signer14_sample187,108
signer14_sample188,127
signer14_sample189,224
signer14_sample19,113
signer14_sample190,219
signer14_sample191,168
signer14_sample192,70
signer14_sample193,169
signer14_sample194,92
signer14_sample195,143
signer14_sample196,68
signer14_sample197,187
signer14_sample198,205
signer14_sample199,145
signer14_sample2,207
signer14_sample20,18
signer14_sample200,157
signer14_sample201,87
signer14_sample202,77
signer14_sample203,54
signer14_sample204,124
signer14_sample205,199
signer14_sample206,21
signer14_sample207,199
signer14_sample208,56
signer14_sample209,43
signer14_sample21,35
signer14_sample210,126
signer14_sample211,41
signer14_sample212,69
signer14_sample213,6
signer14_sample214,98
signer14_sample215,71
signer14_sample216,165
signer14_sample217,84
signer14_sample218,148
signer14_sample219,51
signer14_sample22,194
signer14_sample220,69
signer14_sample221,36
signer14_sample222,164
signer14_sample223,65
signer14_sample224,181
signer14_sample225,121
signer14_sample226,34
signer14_sample227,60
signer14_sample228,32
signer14_sample229,86
signer14_sample23,46
signer14_sample230,185
signer14_sample231,32
signer14_sample232,47
signer14_sample233,203
signer14_sample234,219
signer14_sample235,121
signer14_sample236,169
signer14_sample237,51
signer14_sample238,49
signer14_sample239,89
signer14_sample24,29
signer14_sample240,187
signer14_sample241,105
signer14_sample242,58
signer14_sample243,148
signer14_sample244,65
signer14_sample245,188
signer14_sample246,4
signer14_sample247,143
signer14_sample248,135
signer14_sample249,153
signer14_sample25,63
signer14_sample250,27
signer14_sample251,27
signer14_sample252,147
signer14_sample253,79
signer14_sample254,3
signer14_sample255,223
signer14_sample256,95
signer14_sample257,83
signer14_sample258,165
signer14_sample259,2
signer14_sample26,112
signer14_sample260,48
signer14_sample261,53
signer14_sample262,33
signer14_sample263,28
signer14_sample264,36
signer14_sample265,148
signer14_sample266,183
signer14_sample267,161
signer14_sample268,132
signer14_sample269,205
signer14_sample27,99
signer14_sample270,85
signer14_sample271,13
signer14_sample272,204
signer14_sample273,64
signer14_sample274,142
signer14_sample275,132
signer14_sample276,1
signer14_sample277,135
signer14_sample278,19
signer14_sample279,139
signer14_sample28,109
signer14_sample280,38
signer14_sample281,109
signer14_sample282,198
signer14_sample283,208
signer14_sample284,30
signer14_sample285,134
signer14_sample286,212
signer14_sample287,124
signer14_sample288,117
signer14_sample289,185
signer14_sample29,200
signer14_sample290,97
signer14_sample291,81
signer14_sample292,130
signer14_sample293,18
signer14_sample294,37
signer14_sample295,159
signer14_sample296,225
signer14_sample297,174
signer14_sample298,165
signer14_sample299,186
signer14_sample3,11
signer14_sample30,36
signer14_sample300,156
signer14_sample301,145
signer14_sample302,169
signer14_sample303,161
signer14_sample304,172
signer14_sample305,213
signer14_sample306,141
signer14_sample307,202
signer14_sample308,214
signer14_sample309,58
signer14_sample31,28
signer14_sample310,197
signer14_sample311,217
signer14_sample312,135
signer14_sample313,38
signer14_sample314,49
signer14_sample315,191
signer14_sample316,169
signer14_sample317,102
signer14_sample318,110
signer14_sample319,22
signer14_sample32,142
signer14_sample320,194
signer14_sample321,88
signer14_sample322,57
signer14_sample323,21
signer14_sample324,204
signer14_sample325,16
signer14_sample326,191
signer14_sample327,35
signer14_sample328,77
signer14_sample329,133
signer14_sample33,125
signer14_sample330,125
signer14_sample331,203
signer14_sample332,184
signer14_sample333,70
signer14_sample334,193
signer14_sample335,19
signer14_sample336,103
signer14_sample337,77
signer14_sample338,173
signer14_sample339,46
signer14_sample34,67
signer14_sample340,208
signer14_sample341,14
signer14_sample342,223
signer14_sample343,192
signer14_sample344,92
signer14_sample345,141
signer14_sample346,106
signer14_sample347,122
signer14_sample348,54
signer14_sample349,197
signer14_sample35,202
signer14_sample350,174
signer14_sample351,63
signer14_sample352,87
signer14_sample353,153
signer14_sample354,146
signer14_sample355,146
signer14_sample356,28
signer14_sample357,43
signer14_sample358,158
signer14_sample359,151
signer14_sample36,88
signer14_sample360,191
signer14_sample361,133
signer14_sample362,215
signer14_sample363,86
signer14_sample364,113
signer14_sample365,20
signer14_sample366,17
signer14_sample367,169
signer14_sample368,14
signer14_sample369,179
signer14_sample37,47
signer14_sample370,191
signer14_sample371,136
signer14_sample372,127
signer14_sample373,183
signer14_sample374,211
signer14_sample375,139
signer14_sample376,25
signer14_sample377,162
signer14_sample378,122
signer14_sample379,116
signer14_sample38,75
signer14_sample380,26
signer14_sample381,68
signer14_sample382,163
signer14_sample383,80
signer14_sample384,151
signer14_sample385,42
signer14_sample386,180
signer14_sample387,48
signer14_sample388,107
signer14_sample389,40
signer14_sample39,52
signer14_sample390,66
signer14_sample391,196
signer14_sample392,55
signer14_sample393,203
signer14_sample394,163
signer14_sample395,94
signer14_sample396,23
signer14_sample397,183
signer14_sample398,182
signer14_sample399,88
signer14_sample4,122
signer14_sample40,53
signer14_sample400,163
signer14_sample401,41
signer14_sample402,48
signer14_sample403,171
signer14_sample404,88
signer14_sample405,45
signer14_sample406,222
signer14_sample407,155
signer14_sample408,82
signer14_sample409,158
signer14_sample41,19
signer14_sample410,198
signer14_sample411,170
signer14_sample412,29
signer14_sample413,198
signer14_sample414,179
signer14_sample415,201
signer14_sample416,82
signer14_sample417,74
signer14_sample418,155
signer14_sample419,98
signer14_sample42,51
signer14_sample420,119
signer14_sample421,178
signer14_sample422,147
signer14_sample423,222
signer14_sample424,91
signer14_sample425,1
signer14_sample426,168
signer14_sample427,31
signer14_sample428,104
signer14_sample429,91
signer14_sample43,206
signer14_sample430,181
signer14_sample431,127
signer14_sample432,56
signer14_sample433,12
signer14_sample434,85
signer14_sample435,35
signer14_sample436,217
signer14_sample437,158
signer14_sample438,217
signer14_sample439,73
signer14_sample44,167
signer14_sample440,134
signer14_sample441,20
signer14_sample45,182
signer14_sample46,67
signer14_sample47,200
signer14_sample48,22
signer14_sample49,62
signer14_sample5,159
signer14_sample50,52
signer14_sample51,25
signer14_sample52,116
signer14_sample53,17
signer14_sample54,201
signer14_sample55,144
signer14_sample56,193
signer14_sample57,49
signer14_sample58,19
signer14_sample59,23
signer14_sample6,127
signer14_sample60,163
signer14_sample61,131
signer14_sample62,81
signer14_sample63,169
signer14_sample64,219
signer14_sample65,214
signer14_sample66,79
signer14_sample67,39
signer14_sample68,4
signer14_sample69,6
signer14_sample7,220
signer14_sample70,12
signer14_sample71,33
signer14_sample72,163
signer14_sample73,107
signer14_sample74,70
signer14_sample75,147
signer14_sample76,163
signer14_sample77,55
signer14_sample78,119
signer14_sample79,148
signer14_sample8,126
signer14_sample80,211
signer14_sample81,93
signer14_sample82,73
signer14_sample83,152
signer14_sample84,42
signer14_sample85,104
signer14_sample86,43
signer14_sample87,130
signer14_sample88,11
signer14_sample89,77
signer14_sample9,74
signer14_sample90,164
signer14_sample91,111
signer14_sample92,45
signer14_sample93,116
signer14_sample94,142
signer14_sample95,224
signer14_sample96,76
signer14_sample97,10
signer14_sample98,210
signer14_sample99,42
signer27_sample1,189
signer27_sample10,188
signer27_sample100,153
signer27_sample101,208
signer27_sample102,31
signer27_sample103,73
signer27_sample104,213
signer27_sample105,203
signer27_sample106,140
signer27_sample107,126
signer27_sample108,208
signer27_sample109,11
signer27_sample11,142
signer27_sample110,186
signer27_sample111,55
signer27_sample112,95
signer27_sample113,191
signer27_sample114,183
signer27_sample115,38
signer27_sample116,30
signer27_sample117,105
signer27_sample118,120
signer27_sample119,176
signer27_sample12,56
signer27_sample120,53
signer27_sample121,152
signer27_sample122,75
signer27_sample123,180
signer27_sample124,43
signer27_sample125,142
signer27_sample126,185
signer27_sample127,15
signer27_sample128,133
signer27_sample129,100
signer27_sample13,113
signer27_sample130,205
signer27_sample131,133
signer27_sample132,221
signer27_sample133,166
signer27_sample134,61
signer27_sample135,194
signer27_sample136,85
signer27_sample137,206
signer27_sample138,16
signer27_sample139,169
signer27_sample14,84
signer27_sample140,221
signer27_sample141,215
signer27_sample142,27
signer27_sample143,114
signer27_sample144,126
signer27_sample145,112
signer27_sample146,102
signer27_sample147,14
signer27_sample148,59
signer27_sample149,71
signer27_sample15,179
signer27_sample150,166
signer27_sample151,49
signer27_sample152,198
signer27_sample153,206
signer27_sample154,134
signer27_sample155,157
signer27_sample156,128
signer27_sample157,149
signer27_sample158,104
signer27_sample159,139
signer27_sample16,64
signer27_sample160,159
signer27_sample161,123
signer27_sample162,144
signer27_sample163,51
signer27_sample164,5
signer27_sample165,105
signer27_sample166,74
signer27_sample167,76
signer27_sample168,34
signer27_sample169,58
signer27_sample17,199
signer27_sample170,104
signer27_sample171,149
signer27_sample172,18
signer27_sample173,148
signer27_sample174,103
signer27_sample175,47
signer27_sample176,7
signer27_sample177,132
signer27_sample178,88
signer27_sample179,32
signer27_sample18,106
signer27_sample180,129
signer27_sample181,121
signer27_sample182,132
signer27_sample183,175
signer27_sample184,168
signer27_sample185,9
signer27_sample186,47
signer27_sample187,101
signer27_sample188,67
signer27_sample189,86
signer27_sample19,90
signer27_sample190,79
signer27_sample191,3
signer27_sample192,89
signer27_sample193,116
signer27_sample194,16
signer27_sample195,94
signer27_sample196,114
signer27_sample197,138
signer27_sample198,29
signer27_sample199,6
signer27_sample2,70
signer27_sample20,116
signer27_sample200,136
signer27_sample201,43
signer27_sample202,63
signer27_sample203,16
signer27_sample204,102
signer27_sample205,176
signer27_sample206,144
signer27_sample207,44
signer27_sample208,37
signer27_sample209,188
signer27_sample21,180
signer27_sample210,195
signer27_sample211,70
signer27_sample212,94
signer27_sample213,120
signer27_sample214,142
signer27_sample215,224
signer27_sample216,106
signer27_sample217,138
signer27_sample218,1
signer27_sample219,181
signer27_sample22,164
signer27_sample220,219
signer27_sample221,196
signer27_sample222,212
signer27_sample223,161
signer27_sample224,187
signer27_sample225,147
signer27_sample226,16
signer27_sample227,173
signer27_sample228,108
signer27_sample229,217
signer27_sample23,28
signer27_sample230,224
signer27_sample231,67
signer27_sample232,81
signer27_sample233,199
signer27_sample234,116
signer27_sample235,56
signer27_sample236,54
signer27_sample237,171
signer27_sample238,99
signer27_sample239,197
signer27_sample24,145
signer27_sample240,26
signer27_sample241,119
signer27_sample242,148
signer27_sample243,174
signer27_sample244,100
signer27_sample245,153
signer27_sample246,161
signer27_sample247,5
signer27_sample248,97
signer27_sample249,191
signer27_sample25,86
signer27_sample250,162
signer27_sample251,186
signer27_sample252,81
signer27_sample253,152
signer27_sample254,209
signer27_sample255,116
signer27_sample256,87
signer27_sample257,51
signer27_sample258,10
signer27_sample259,54
signer27_sample26,94
signer27_sample260,70
signer27_sample261,155
signer27_sample262,83
signer27_sample263,204
signer27_sample264,205
signer27_sample265,215
signer27_sample266,76
signer27_sample267,90
signer27_sample268,192
signer27_sample269,20
signer27_sample27,18
signer27_sample270,192
signer27_sample271,37
signer27_sample272,208
signer27_sample273,177
signer27_sample274,195
signer27_sample275,167
signer27_sample276,151
signer27_sample277,9
signer27_sample278,22
signer27_sample279,214
signer27_sample28,193
signer27_sample280,193
signer27_sample281,160
signer27_sample282,128
signer27_sample283,123
signer27_sample284,29
signer27_sample285,87
signer27_sample286,33
signer27_sample287,114
signer27_sample288,121
signer27_sample289,38
signer27_sample29,21
signer27_sample290,166
signer27_sample291,152
signer27_sample292,98
signer27_sample293,140
signer27_sample294,166
signer27_sample295,103
signer27_sample296,44
signer27_sample297,42
signer27_sample298,35
signer27_sample299,84
signer27_sample3,50
signer27_sample30,4
signer27_sample300,88
signer27_sample301,219
signer27_sample302,19
signer27_sample303,196
signer27_sample304,64
signer27_sample305,43
signer27_sample306,223
signer27_sample307,79
signer27_sample308,178
signer27_sample309,36
signer27_sample31,60
signer27_sample310,118
signer27_sample311,37
signer27_sample312,217
signer27_sample313,145
signer27_sample314,156
signer27_sample315,116
signer27_sample316,203
signer27_sample317,178
signer27_sample318,192
signer27_sample319,132
signer27_sample32,29
signer27_sample320,158
signer27_sample321,144
signer27_sample322,30
signer27_sample323,170
signer27_sample324,150
signer27_sample325,13
signer27_sample326,185
signer27_sample327,40
signer27_sample328,190
signer27_sample329,28
signer27_sample33,109
signer27_sample330,2
signer27_sample331,88
signer27_sample332,175
signer27_sample333,25
signer27_sample334,137
signer27_sample335,94
signer27_sample336,19
signer27_sample337,170
signer27_sample338,126
signer27_sample339,111
signer27_sample34,89
signer27_sample340,91
signer27_sample341,89
signer27_sample342,220
signer27_sample343,200
signer27_sample344,28
signer27_sample345,214
signer27_sample346,63
signer27_sample347,46
signer27_sample348,168
signer27_sample349,16
signer27_sample35,166
signer27_sample350,114
signer27_sample351,159
signer27_sample352,121
signer27_sample353,10
signer27_sample354,67
signer27_sample355,189
signer27_sample356,127
signer27_sample357,157
signer27_sample358,48
signer27_sample359,90
signer27_sample36,112
signer27_sample360,140
signer27_sample361,125
signer27_sample362,118
signer27_sample363,209
signer27_sample364,106
signer27_sample365,134
signer27_sample366,63
signer27_sample367,16
signer27_sample368,18
signer27_sample369,96
signer27_sample37,9
signer27_sample370,200
signer27_sample371,169
signer27_sample372,44
signer27_sample373,177
signer27_sample374,83
signer27_sample375,24
signer27_sample376,148
signer27_sample377,171
signer27_sample378,54
signer27_sample379,219
signer27_sample38,79
signer27_sample380,120
signer27_sample381,53
signer27_sample382,26
signer27_sample383,42
signer27_sample384,39
signer27_sample385,64
signer27_sample386,160
signer27_sample387,178
signer27_sample388,116
signer27_sample389,16
signer27_sample39,102
signer27_sample390,140
signer27_sample391,86
signer27_sample392,223
signer27_sample393,19
signer27_sample394,89
signer27_sample395,224
signer27_sample396,192
signer27_sample397,151
signer27_sample398,29
signer27_sample399,41
signer27_sample4,141
signer27_sample40,156
signer27_sample400,166
signer27_sample401,55
signer27_sample402,196
signer27_sample403,138
signer27_sample404,83
signer27_sample405,132
signer27_sample406,65
signer27_sample407,165
signer27_sample408,217
signer27_sample409,124
signer27_sample41,145
signer27_sample410,218
signer27_sample411,71
signer27_sample412,179
signer27_sample413,155
signer27_sample414,186
signer27_sample415,35
signer27_sample416,60
signer27_sample417,151
signer27_sample418,3
signer27_sample419,77
signer27_sample42,12
signer27_sample420,185
signer27_sample421,93
signer27_sample422,82
signer27_sample423,217
signer27_sample424,188
signer27_sample425,13
signer27_sample426,130
signer27_sample427,82
signer27_sample428,97
signer27_sample429,191
signer27_sample43,47
signer27_sample430,69
signer27_sample431,140
signer27_sample432,2
signer27_sample433,61
signer27_sample434,101
signer27_sample435,213
signer27_sample436,187
signer27_sample437,179
signer27_sample438,121
signer27_sample439,158
signer27_sample44,116
signer27_sample440,65
signer27_sample441,110
signer27_sample442,27
signer27_sample443,170
signer27_sample444,45
signer27_sample445,200
signer27_sample446,80
signer27_sample447,173
signer27_sample448,181
signer27_sample449,125
signer27_sample45,129
signer27_sample450,178
signer27_sample451,43
signer27_sample452,82
signer27_sample453,21
signer27_sample454,92
signer27_sample455,174
signer27_sample456,135
signer27_sample457,49
signer27_sample458,32
signer27_sample459,126
signer27_sample46,174
signer27_sample460,176
signer27_sample461,162
signer27_sample462,194
signer27_sample463,74
signer27_sample464,33
signer27_sample465,194
signer27_sample466,210
signer27_sample467,10
signer27_sample468,11
signer27_sample469,165
signer27_sample47,32
signer27_sample470,17
signer27_sample471,141
signer27_sample472,49
signer27_sample473,218
signer27_sample474,128
signer27_sample475,19
signer27_sample476,76
signer27_sample477,50
signer27_sample478,92
signer27_sample479,76
signer27_sample48,214
signer27_sample480,108
signer27_sample481,1
signer27_sample482,39
signer27_sample483,54
signer27_sample484,132
signer27_sample485,20
signer27_sample486,56
signer27_sample487,201
signer27_sample488,149
signer27_sample489,27
signer27_sample49,73
signer27_sample490,44
signer27_sample491,134
signer27_sample492,119
signer27_sample493,164
signer27_sample494,37
signer27_sample495,197
signer27_sample496,57
signer27_sample497,115
signer27_sample498,154
signer27_sample499,47
signer27_sample5,166
signer27_sample50,98
signer27_sample500,53
signer27_sample501,72
signer27_sample502,113
signer27_sample503,66
signer27_sample504,125
signer27_sample505,69
signer27_sample506,115
signer27_sample507,162
signer27_sample508,213
signer27_sample509,132
signer27_sample51,153
signer27_sample510,17
signer27_sample511,159
signer27_sample512,117
signer27_sample513,78
signer27_sample514,127
signer27_sample515,160
signer27_sample516,158
signer27_sample517,183
signer27_sample518,173
signer27_sample519,141
signer27_sample52,65
signer27_sample520,77
signer27_sample521,99
signer27_sample522,185
signer27_sample523,107
signer27_sample524,39
signer27_sample525,31
signer27_sample526,14
signer27_sample527,7
signer27_sample528,30
signer27_sample529,111
signer27_sample53,109
signer27_sample530,59
signer27_sample531,92
signer27_sample532,120
signer27_sample533,15
signer27_sample534,154
signer27_sample535,61
signer27_sample536,42
signer27_sample537,80
signer27_sample538,78
signer27_sample539,46
signer27_sample54,200
signer27_sample540,201
signer27_sample541,180
signer27_sample542,38
signer27_sample543,187
signer27_sample544,80
signer27_sample545,123
signer27_sample546,224
signer27_sample547,58
signer27_sample548,137
signer27_sample549,94
signer27_sample55,165
signer27_sample550,148
signer27_sample551,129
signer27_sample552,124
signer27_sample553,169
signer27_sample554,111
signer27_sample555,3
signer27_sample556,183
signer27_sample557,89
signer27_sample558,202
signer27_sample559,95
signer27_sample56,222
signer27_sample560,148
signer27_sample561,157
signer27_sample562,137
signer27_sample563,7
signer27_sample564,103
signer27_sample565,167
signer27_sample566,160
signer27_sample567,93
signer27_sample568,204
signer27_sample569,72
signer27_sample57,185
signer27_sample570,125
signer27_sample571,127
signer27_sample572,216
signer27_sample573,168
signer27_sample574,142
signer27_sample575,163
signer27_sample576,199
signer27_sample577,94
signer27_sample578,93
signer27_sample579,98
signer27_sample58,167
signer27_sample580,136
signer27_sample581,91
signer27_sample582,193
signer27_sample583,44
signer27_sample584,223
signer27_sample585,144
signer27_sample586,84
signer27_sample587,40
signer27_sample588,215
signer27_sample589,44
signer27_sample59,210
signer27_sample590,136
signer27_sample591,54
signer27_sample592,222
signer27_sample593,75
signer27_sample594,11
signer27_sample595,198
signer27_sample596,98
signer27_sample597,203
signer27_sample598,5
signer27_sample599,187
signer27_sample6,145
signer27_sample60,87
signer27_sample600,202
signer27_sample601,98
signer27_sample602,210
signer27_sample603,225
signer27_sample604,144
signer27_sample605,100
signer27_sample606,200
signer27_sample607,96
signer27_sample608,111
signer27_sample609,134
signer27_sample61,31
signer27_sample610,173
signer27_sample611,172
signer27_sample612,119
signer27_sample613,105
signer27_sample614,181
signer27_sample615,220
signer27_sample616,171
signer27_sample617,59
signer27_sample618,133
signer27_sample619,189
signer27_sample62,121
signer27_sample620,68
signer27_sample621,105
signer27_sample622,135
signer27_sample623,197
signer27_sample624,209
signer27_sample625,23
signer27_sample626,25
signer27_sample627,66
signer27_sample628,30
signer27_sample629,5
signer27_sample63,101
signer27_sample630,192
signer27_sample631,57
signer27_sample632,120
signer27_sample633,21
signer27_sample634,132
signer27_sample635,161
signer27_sample636,147
signer27_sample637,200
signer27_sample638,67
signer27_sample639,222
signer27_sample64,134
signer27_sample65,64
signer27_sample66,85
signer27_sample67,224
signer27_sample68,12
signer27_sample69,74
signer27_sample7,55
signer27_sample70,112
signer27_sample71,101
signer27_sample72,2
signer27_sample73,133
signer27_sample74,26
signer27_sample75,109
signer27_sample76,185
signer27_sample77,85
signer27_sample78,82
signer27_sample79,13
signer27_sample8,130
signer27_sample80,155
signer27_sample81,118
signer27_sample82,175
signer27_sample83,58
signer27_sample84,120
signer27_sample85,33
signer27_sample86,212
signer27_sample87,66
signer27_sample88,130
signer27_sample89,4
signer27_sample9,40
signer27_sample90,145
signer27_sample91,23
signer27_sample92,34
signer27_sample93,61
signer27_sample94,36
signer27_sample95,134
signer27_sample96,218
signer27_sample97,206
signer27_sample98,22
signer27_sample99,187
signer30_sample1,160
signer30_sample10,17
signer30_sample100,185
signer30_sample101,161
signer30_sample102,131
signer30_sample103,49
signer30_sample104,212
signer30_sample105,196
signer30_sample106,121
signer30_sample107,158
signer30_sample108,94
signer30_sample109,22
signer30_sample11,38
signer30_sample110,184
signer30_sample111,69
signer30_sample112,149
signer30_sample113,113
signer30_sample114,222
signer30_sample115,32
signer30_sample116,177
signer30_sample117,54
signer30_sample118,0
signer30_sample119,215
signer30_sample12,118
signer30_sample120,115
signer30_sample121,185
signer30_sample122,49
signer30_sample123,53
signer30_sample124,199
signer30_sample125,9
signer30_sample126,53
signer30_sample127,1
signer30_sample128,128
signer30_sample129,43
signer30_sample13,177
signer30_sample130,75
signer30_sample131,104
signer30_sample132,138
signer30_sample133,158
signer30_sample134,0
signer30_sample135,12
signer30_sample136,207
signer30_sample137,91
signer30_sample138,50
signer30_sample139,127
signer30_sample14,30
signer30_sample140,103
signer30_sample141,22
signer30_sample142,14
signer30_sample143,201
signer30_sample144,19
signer30_sample145,104
signer30_sample146,111
signer30_sample147,117
signer30_sample148,180
signer30_sample149,41
signer30_sample15,107
signer30_sample150,4
signer30_sample151,139
signer30_sample152,131
signer30_sample153,113
signer30_sample154,48
signer30_sample155,85
signer30_sample156,8
signer30_sample157,4
signer30_sample158,105
signer30_sample159,148
signer30_sample16,104
signer30_sample160,200
signer30_sample161,39
signer30_sample162,18
signer30_sample163,179
signer30_sample164,214
signer30_sample165,76
signer30_sample166,79
signer30_sample167,22
signer30_sample168,218
signer30_sample169,13
signer30_sample17,165
signer30_sample170,76
signer30_sample171,124
signer30_sample172,125
signer30_sample173,94
signer30_sample174,121
signer30_sample175,60
signer30_sample176,14
signer30_sample177,146
signer30_sample178,170
signer30_sample179,58
signer30_sample18,79
signer30_sample180,74
signer30_sample181,56
signer30_sample182,211
signer30_sample183,17
signer30_sample184,213
signer30_sample185,212
signer30_sample186,135
signer30_sample187,17
signer30_sample188,128
signer30_sample189,20
signer30_sample19,215
signer30_sample190,170
signer30_sample191,165
signer30_sample192,95
signer30_sample193,177
signer30_sample194,165
signer30_sample195,42
signer30_sample196,172
signer30_sample197,181
signer30_sample198,23
signer30_sample199,112
signer30_sample2,31
signer30_sample20,3
signer30_sample200,178
signer30_sample201,20
signer30_sample202,59
signer30_sample203,82
signer30_sample204,84
signer30_sample205,13
signer30_sample206,64
signer30_sample207,97
signer30_sample208,86
signer30_sample209,13
signer30_sample21,51
signer30_sample210,160
signer30_sample211,45
signer30_sample212,191
signer30_sample213,33
signer30_sample214,131
signer30_sample215,145
signer30_sample216,131
signer30_sample217,138
signer30_sample218,184
signer30_sample219,116
signer30_sample22,96
signer30_sample220,211
signer30_sample221,73
signer30_sample222,127
signer30_sample223,38
signer30_sample224,142
signer30_sample225,192
signer30_sample226,65
signer30_sample227,48
signer30_sample228,168
signer30_sample229,165
signer30_sample23,181
signer30_sample230,161
signer30_sample231,164
signer30_sample232,64
signer30_sample233,167
signer30_sample234,187
signer30_sample235,183
signer30_sample236,141
signer30_sample237,1
signer30_sample238,79
signer30_sample239,212
signer30_sample24,48
signer30_sample240,84
signer30_sample241,127
signer30_sample242,104
signer30_sample243,115
signer30_sample244,218
signer30_sample245,203
signer30_sample246,52
signer30_sample247,108
signer30_sample248,217
signer30_sample249,82
signer30_sample25,178
signer30_sample250,194
signer30_sample251,3
signer30_sample252,80
signer30_sample253,165
signer30_sample254,18
signer30_sample255,51
signer30_sample256,61
signer30_sample257,203
signer30_sample258,93
signer30_sample259,59
signer30_sample26,173
signer30_sample260,158
signer30_sample261,144
signer30_sample262,49
signer30_sample263,9
signer30_sample264,120
signer30_sample265,70
signer30_sample266,219
signer30_sample267,73
signer30_sample268,7
signer30_sample269,168
signer30_sample27,34
signer30_sample270,167
signer30_sample271,137
signer30_sample272,222
signer30_sample273,124
signer30_sample274,44
signer30_sample275,157
signer30_sample276,195
signer30_sample277,127
signer30_sample278,11
signer30_sample279,31
signer30_sample28,217
signer30_sample280,149
signer30_sample281,91
signer30_sample282,204
signer30_sample283,222
signer30_sample284,66
signer30_sample285,196
signer30_sample286,157
signer30_sample287,75
signer30_sample288,100
signer30_sample289,77
signer30_sample29,59
signer30_sample290,147
signer30_sample291,152
signer30_sample292,33
signer30_sample293,52
signer30_sample294,119
signer30_sample295,5
signer30_sample296,71
signer30_sample297,116
signer30_sample298,69
signer30_sample299,65
signer30_sample3,111
signer30_sample30,196
signer30_sample300,127
signer30_sample301,209
signer30_sample302,178
signer30_sample303,131
signer30_sample304,22
signer30_sample305,143
signer30_sample306,10
signer30_sample307,89
signer30_sample308,154
signer30_sample309,51
signer30_sample31,37
signer30_sample310,97
signer30_sample311,118
signer30_sample312,219
signer30_sample313,24
signer30_sample314,109
signer30_sample315,145
signer30_sample316,142
signer30_sample317,164
signer30_sample318,49
signer30_sample319,169
signer30_sample32,2
signer30_sample320,110
signer30_sample321,147
signer30_sample322,110
signer30_sample323,15
signer30_sample324,185
signer30_sample325,114
signer30_sample326,194
signer30_sample327,165
signer30_sample328,14
signer30_sample329,44
signer30_sample33,223
signer30_sample330,191
signer30_sample331,4
signer30_sample332,42
signer30_sample333,167
signer30_sample334,201
signer30_sample335,110
signer30_sample336,184
signer30_sample337,84
signer30_sample338,25
signer30_sample339,215
signer30_sample34,32
signer30_sample340,71
signer30_sample341,30
signer30_sample342,118
signer30_sample343,68
signer30_sample344,213
signer30_sample345,102
signer30_sample346,37
signer30_sample347,64
signer30_sample348,189
signer30_sample349,50
signer30_sample35,28
signer30_sample350,97
signer30_sample351,161
signer30_sample352,80
signer30_sample353,99
signer30_sample354,130
signer30_sample355,162
signer30_sample356,163
signer30_sample357,127
signer30_sample358,106
signer30_sample359,93
signer30_sample36,141
signer30_sample360,203
signer30_sample361,120
signer30_sample362,95
signer30_sample363,67
signer30_sample364,147
signer30_sample365,54
signer30_sample366,101
signer30_sample367,200
signer30_sample368,0
signer30_sample369,195
signer30_sample37,96
signer30_sample370,67
signer30_sample371,147
signer30_sample372,51
signer30_sample373,51
signer30_sample374,9
signer30_sample375,41
signer30_sample376,75
signer30_sample377,55
signer30_sample378,17
signer30_sample379,173
signer30_sample38,69
signer30_sample380,209
signer30_sample381,127
signer30_sample382,214
signer30_sample383,179
signer30_sample384,20
signer30_sample385,47
signer30_sample386,195
signer30_sample387,33
signer30_sample388,139
signer30_sample389,119
signer30_sample39,171
signer30_sample390,132
signer30_sample391,198
signer30_sample392,18
signer30_sample393,205
signer30_sample394,114
signer30_sample395,193
signer30_sample396,221
signer30_sample397,105
signer30_sample398,10
signer30_sample399,3
signer30_sample4,96
signer30_sample40,98
signer30_sample400,193
signer30_sample401,38
signer30_sample402,212
signer30_sample403,87
signer30_sample404,214
signer30_sample405,46
signer30_sample406,56
signer30_sample407,77
signer30_sample408,76
signer30_sample409,77
signer30_sample41,194
signer30_sample410,45
signer30_sample411,43
signer30_sample412,56
signer30_sample413,11
signer30_sample414,85
signer30_sample415,31
signer30_sample416,94
signer30_sample417,194
signer30_sample418,110
signer30_sample419,43
signer30_sample42,42
signer30_sample420,193
signer30_sample421,21
signer30_sample422,28
signer30_sample423,115
signer30_sample424,128
signer30_sample425,127
signer30_sample426,219
signer30_sample427,104
signer30_sample428,55
signer30_sample429,127
signer30_sample43,111
signer30_sample430,51
signer30_sample431,86
signer30_sample432,193
signer30_sample433,165
signer30_sample434,32
signer30_sample435,217
signer30_sample436,58
signer30_sample437,83
signer30_sample438,68
signer30_sample439,169
signer30_sample44,145
signer30_sample440,124
signer30_sample441,96
signer30_sample442,223
signer30_sample443,123
signer30_sample444,39
signer30_sample445,61
signer30_sample446,26
signer30_sample447,52
signer30_sample448,202
signer30_sample449,18
signer30_sample45,120
signer30_sample450,171
signer30_sample451,134
signer30_sample452,13
signer30_sample453,73
signer30_sample454,36
signer30_sample455,205
signer30_sample456,150
signer30_sample457,138
signer30_sample458,144
signer30_sample459,123
signer30_sample46,99
signer30_sample460,138
signer30_sample461,8
signer30_sample462,39
signer30_sample463,212
signer30_sample464,46
signer30_sample465,122
signer30_sample466,131
signer30_sample467,49
signer30_sample468,7
signer30_sample469,23
signer30_sample47,55
signer30_sample470,102
signer30_sample471,149
signer30_sample472,106
signer30_sample473,46
signer30_sample474,120
signer30_sample475,151
signer30_sample476,101
signer30_sample477,55
signer30_sample478,142
signer30_sample479,111
signer30_sample48,53
signer30_sample480,220
signer30_sample481,206
signer30_sample482,143
signer30_sample483,173
signer30_sample484,7
signer30_sample485,207
signer30_sample486,198
signer30_sample487,200
signer30_sample488,204
signer30_sample489,128
signer30_sample49,79
signer30_sample490,83
signer30_sample491,131
signer30_sample492,120
signer30_sample493,43
signer30_sample494,42
signer30_sample495,198
signer30_sample496,26
signer30_sample497,211
signer30_sample498,78
signer30_sample499,207
signer30_sample5,56
signer30_sample50,60
signer30_sample500,61
signer30_sample501,63
signer30_sample502,13
signer30_sample503,169
signer30_sample504,108
signer30_sample505,40
signer30_sample506,198
signer30_sample507,21
signer30_sample508,92
signer30_sample509,36
signer30_sample51,55
signer30_sample510,194
signer30_sample511,225
signer30_sample512,26
signer30_sample513,116
signer30_sample514,91
signer30_sample515,58
signer30_sample516,127
signer30_sample517,106
signer30_sample518,209
signer30_sample519,172
signer30_sample52,152
signer30_sample520,34
signer30_sample521,187
signer30_sample522,95
signer30_sample523,71
signer30_sample524,93
signer30_sample525,160
signer30_sample526,88
signer30_sample527,35
signer30_sample528,195
signer30_sample529,35
signer30_sample53,182
signer30_sample530,170
signer30_sample531,199
signer30_sample532,182
signer30_sample533,44
signer30_sample534,43
signer30_sample535,108
signer30_sample536,165
signer30_sample537,195
signer30_sample538,146
signer30_sample539,139
signer30_sample54,90
signer30_sample540,39
signer30_sample541,219
signer30_sample542,164
signer30_sample543,8
signer30_sample544,156
signer30_sample545,220
signer30_sample546,12
signer30_sample547,1
signer30_sample548,49
signer30_sample549,70
signer30_sample55,174
signer30_sample550,24
signer30_sample551,158
signer30_sample552,225
signer30_sample553,194
signer30_sample554,153
signer30_sample555,146
signer30_sample556,202
signer30_sample557,29
signer30_sample558,153
signer30_sample559,39
signer30_sample56,80
signer30_sample560,143
signer30_sample561,108
signer30_sample562,28
signer30_sample563,22
signer30_sample564,40
signer30_sample565,51
signer30_sample566,15
signer30_sample567,161
signer30_sample568,110
signer30_sample569,194
signer30_sample57,68
signer30_sample570,214
signer30_sample571,225
signer30_sample572,42
signer30_sample573,82
signer30_sample574,95
signer30_sample575,184
signer30_sample576,66
signer30_sample577,54
signer30_sample578,45
signer30_sample579,151
signer30_sample58,19
signer30_sample580,17
signer30_sample581,130
signer30_sample582,212
signer30_sample583,152
signer30_sample584,22
signer30_sample585,23
signer30_sample586,10
signer30_sample587,192
signer30_sample588,87
signer30_sample589,188
signer30_sample59,130
signer30_sample590,70
signer30_sample591,180
signer30_sample592,202
signer30_sample593,55
signer30_sample594,181
signer30_sample595,79
signer30_sample596,213
signer30_sample597,32
signer30_sample598,194
signer30_sample599,144
signer30_sample6,137
signer30_sample60,135
signer30_sample600,120
signer30_sample601,78
signer30_sample602,90
signer30_sample603,13
signer30_sample604,197
signer30_sample605,120
signer30_sample606,155
signer30_sample607,5
signer30_sample608,83
signer30_sample609,85
signer30_sample61,199
signer30_sample610,153
signer30_sample611,49
signer30_sample612,194
signer30_sample613,157
signer30_sample614,182
signer30_sample615,12
signer30_sample616,137
signer30_sample617,87
signer30_sample618,88
signer30_sample619,163
signer30_sample62,168
signer30_sample620,154
signer30_sample621,32
signer30_sample622,113
signer30_sample623,122
signer30_sample624,182
signer30_sample625,161
signer30_sample626,79
signer30_sample627,67
signer30_sample628,78
signer30_sample629,102
signer30_sample63,30
signer30_sample630,148
signer30_sample631,214
signer30_sample632,218
signer30_sample633,111
signer30_sample634,188
signer30_sample635,189
signer30_sample636,109
signer30_sample637,112
signer30_sample638,220
signer30_sample639,21
signer30_sample64,105
signer30_sample640,154
signer30_sample641,204
signer30_sample642,110
signer30_sample643,201
signer30_sample644,43
signer30_sample645,95
signer30_sample646,37
signer30_sample647,103
signer30_sample648,165
signer30_sample649,121
signer30_sample65,131
signer30_sample650,161
signer30_sample651,3
signer30_sample652,72
signer30_sample653,123
signer30_sample654,36
signer30_sample655,148
signer30_sample656,221
signer30_sample657,205
signer30_sample658,128
signer30_sample659,191
signer30_sample66,63
signer30_sample660,131
signer30_sample661,59
signer30_sample662,63
signer30_sample67,100
signer30_sample68,18
signer30_sample69,180
signer30_sample7,209
signer30_sample70,155
signer30_sample71,172
signer30_sample72,11
signer30_sample73,119
signer30_sample74,182
signer30_sample75,39
signer30_sample76,109
signer30_sample77,112
signer30_sample78,99
signer30_sample79,35
signer30_sample8,176
signer30_sample80,223
signer30_sample81,178
signer30_sample82,141
signer30_sample83,100
signer30_sample84,101
signer30_sample85,74
signer30_sample86,99
signer30_sample87,176
signer30_sample88,74
signer30_sample89,95
signer30_sample9,36
signer30_sample90,179
signer30_sample91,194
signer30_sample92,135
signer30_sample93,127
signer30_sample94,150
signer30_sample95,46
signer30_sample96,39
signer30_sample97,217
signer30_sample98,151
signer30_sample99,36
signer34_sample1,133
signer34_sample10,194
signer34_sample100,65
signer34_sample101,65
signer34_sample102,99
signer34_sample103,221
signer34_sample104,92
signer34_sample105,58
signer34_sample106,124
signer34_sample107,53
signer34_sample108,88
signer34_sample109,176
signer34_sample11,23
signer34_sample110,48
signer34_sample111,149
signer34_sample112,111
signer34_sample113,217
signer34_sample114,161
signer34_sample115,11
signer34_sample116,50
signer34_sample117,90
signer34_sample118,147
signer34_sample119,106
signer34_sample12,95
signer34_sample120,81
signer34_sample121,72
signer34_sample122,15
signer34_sample123,102
signer34_sample124,26
signer34_sample125,36
signer34_sample126,1
signer34_sample127,121
signer34_sample128,107
signer34_sample129,186
signer34_sample13,57
signer34_sample130,33
signer34_sample131,75
signer34_sample132,169
signer34_sample133,178
signer34_sample134,37
signer34_sample135,225
signer34_sample136,71
signer34_sample137,17
signer34_sample138,59
signer34_sample139,35
signer34_sample14,131
signer34_sample140,200
signer34_sample141,105
signer34_sample142,188
signer34_sample143,224
signer34_sample144,99
signer34_sample145,66
signer34_sample146,78
signer34_sample147,80
signer34_sample148,155
signer34_sample149,116
signer34_sample15,52
signer34_sample150,157
signer34_sample151,106
signer34_sample152,185
signer34_sample153,6
signer34_sample154,80
signer34_sample155,21
signer34_sample156,181
signer34_sample157,28
signer34_sample158,189
signer34_sample159,164
signer34_sample16,26
signer34_sample160,203
signer34_sample161,163
signer34_sample162,9
signer34_sample163,25
signer34_sample164,192
signer34_sample165,162
signer34_sample166,100
signer34_sample167,101
signer34_sample168,25
signer34_sample169,129
signer34_sample17,113
signer34_sample170,42
signer34_sample171,187
signer34_sample172,117
signer34_sample173,175
signer34_sample174,33
signer34_sample175,36
signer34_sample176,161
signer34_sample177,97
signer34_sample178,49
signer34_sample179,87
signer34_sample18,212
signer34_sample180,28
signer34_sample181,142
signer34_sample182,82
signer34_sample183,158
signer34_sample184,180
signer34_sample185,126
signer34_sample186,58
signer34_sample187,143
signer34_sample188,135
signer34_sample189,90
signer34_sample19,219
signer34_sample190,46
signer34_sample191,224
signer34_sample192,20
signer34_sample193,206
signer34_sample194,23
signer34_sample195,7
signer34_sample196,193
signer34_sample197,43
signer34_sample198,34
signer34_sample199,145
signer34_sample2,61
signer34_sample20,210
signer34_sample200,214
signer34_sample201,131
signer34_sample202,29
signer34_sample203,74
signer34_sample204,201
signer34_sample205,20
signer34_sample206,25
signer34_sample207,191
signer34_sample208,198
signer34_sample209,185
signer34_sample21,142
signer34_sample210,136
signer34_sample211,76
signer34_sample212,103
signer34_sample213,132
signer34_sample214,222
signer34_sample215,166
signer34_sample216,211
signer34_sample217,224
signer34_sample218,91
signer34_sample219,200
signer34_sample22,44
signer34_sample220,130
signer34_sample221,160
signer34_sample222,126
signer34_sample223,179
signer34_sample224,202
signer34_sample225,204
signer34_sample226,23
signer34_sample227,89
signer34_sample228,62
signer34_sample229,122
signer34_sample23,62
signer34_sample230,30
signer34_sample231,214
signer34_sample232,134
signer34_sample233,224
signer34_sample234,189
signer34_sample235,115
signer34_sample236,52
signer34_sample237,195
signer34_sample238,32
signer34_sample239,162
signer34_sample24,189
signer34_sample240,75
signer34_sample241,31
signer34_sample242,32
signer34_sample243,168
signer34_sample244,0
signer34_sample245,35
signer34_sample246,206
signer34_sample247,63
signer34_sample248,157
signer34_sample249,138
signer34_sample25,114
signer34_sample250,48
signer34_sample251,45
signer34_sample252,218
signer34_sample253,89
signer34_sample254,113
signer34_sample255,86
signer34_sample256,59
signer34_sample257,84
signer34_sample258,185
signer34_sample259,42
signer34_sample26,161
signer34_sample260,168
signer34_sample261,220
signer34_sample262,8
signer34_sample263,65
signer34_sample264,154
signer34_sample265,134
signer34_sample266,143
signer34_sample267,176
signer34_sample268,189
signer34_sample269,198
signer34_sample27,182
signer34_sample270,103
signer34_sample271,140
signer34_sample272,170
signer34_sample273,153
signer34_sample274,37
signer34_sample275,112
signer34_sample276,199
signer34_sample277,24
signer34_sample278,103
signer34_sample279,76
signer34_sample28,123
signer34_sample280,43
signer34_sample281,168
signer34_sample282,19
signer34_sample283,222
signer34_sample284,138
signer34_sample285,101
signer34_sample286,207
signer34_sample287,0
signer34_sample288,90
signer34_sample289,36
signer34_sample29,55
signer34_sample290,151
signer34_sample291,2
signer34_sample292,17
signer34_sample293,163
signer34_sample294,3
signer34_sample295,187
signer34_sample296,30
signer34_sample297,176
signer34_sample298,149
signer34_sample299,40
signer34_sample3,32
signer34_sample30,209
signer34_sample300,49
signer34_sample301,129
signer34_sample302,63
signer34_sample303,98
signer34_sample304,51
signer34_sample305,132
signer34_sample306,52
signer34_sample307,110
signer34_sample308,14
signer34_sample309,33
signer34_sample31,86
signer34_sample310,172
signer34_sample311,98
signer34_sample312,121
signer34_sample313,208
signer34_sample314,105
signer34_sample315,139
signer34_sample316,85
signer34_sample317,112
signer34_sample318,175
signer34_sample319,3
signer34_sample32,32
signer34_sample320,7
signer34_sample321,27
signer34_sample322,12
signer34_sample323,173
signer34_sample324,68
signer34_sample325,61
signer34_sample326,188
signer34_sample327,193
signer34_sample328,115
signer34_sample329,163
signer34_sample33,146
signer34_sample330,149
signer34_sample331,190
signer34_sample332,107
signer34_sample333,193
signer34_sample334,40
signer34_sample335,102
signer34_sample336,204
signer34_sample337,197
signer34_sample338,18
signer34_sample339,6
signer34_sample34,36
signer34_sample340,210
signer34_sample341,186
signer34_sample342,107
signer34_sample343,3
signer34_sample344,38
signer34_sample345,78
signer34_sample346,180
signer34_sample347,214
signer34_sample348,56
signer34_sample349,88
signer34_sample35,13
signer34_sample350,142
signer34_sample351,73
signer34_sample352,34
signer34_sample353,6
signer34_sample354,124
signer34_sample355,192
signer34_sample356,137
signer34_sample357,44
signer34_sample358,223
signer34_sample359,103
signer34_sample36,140
signer34_sample360,193
signer34_sample361,45
signer34_sample362,96
signer34_sample363,201
signer34_sample364,120
signer34_sample365,145
signer34_sample366,167
signer34_sample367,209
signer34_sample368,152
signer34_sample369,142
signer34_sample37,178
signer34_sample370,40
signer34_sample371,27
signer34_sample372,192
signer34_sample373,173
signer34_sample374,97
signer34_sample375,83
signer34_sample376,102
signer34_sample377,132
signer34_sample378,153
signer34_sample379,224
signer34_sample38,200
signer34_sample380,24
signer34_sample381,178
signer34_sample382,140
signer34_sample383,17
signer34_sample384,53
signer34_sample385,134
signer34_sample386,198
signer34_sample387,4
signer34_sample388,68
signer34_sample389,55
signer34_sample39,14
signer34_sample390,121
signer34_sample391,138
signer34_sample392,22
signer34_sample393,214
signer34_sample394,94
signer34_sample395,64
signer34_sample396,120
signer34_sample397,54
signer34_sample398,91
signer34_sample399,129
signer34_sample4,169
signer34_sample40,53
signer34_sample400,187
signer34_sample401,197
signer34_sample402,2
signer34_sample403,91
signer34_sample404,82
signer34_sample405,1
signer34_sample406,206
signer34_sample407,60
signer34_sample408,118
signer34_sample409,46
signer34_sample41,212
signer34_sample410,139
signer34_sample411,80
signer34_sample412,1
signer34_sample413,95
signer34_sample414,159
signer34_sample415,218
signer34_sample416,28
signer34_sample417,191
signer34_sample418,150
signer34_sample419,158
signer34_sample42,12
signer34_sample420,37
signer34_sample421,170
signer34_sample422,125
signer34_sample423,56
signer34_sample424,49
signer34_sample425,190
signer34_sample426,51
signer34_sample427,87
signer34_sample428,169
signer34_sample429,10
signer34_sample43,208
signer34_sample430,128
signer34_sample431,72
signer34_sample432,152
signer34_sample433,11
signer34_sample434,174
signer34_sample435,70
signer34_sample436,156
signer34_sample437,57
signer34_sample438,41
signer34_sample439,55
signer34_sample44,53
signer34_sample440,18
signer34_sample441,34
signer34_sample442,82
signer34_sample443,196
signer34_sample444,86
signer34_sample445,21
signer34_sample446,66
signer34_sample447,196
signer34_sample448,59
signer34_sample449,137
signer34_sample45,37
signer34_sample450,155
signer34_sample451,87
signer34_sample452,190
signer34_sample453,79
signer34_sample454,118
signer34_sample455,215
signer34_sample456,130
signer34_sample457,52
signer34_sample458,203
signer34_sample459,14
signer34_sample46,119
signer34_sample460,104
signer34_sample461,214
signer34_sample462,151
signer34_sample463,64
signer34_sample464,183
signer34_sample465,31
signer34_sample466,179
signer34_sample467,27
signer34_sample468,153
signer34_sample469,136
signer34_sample47,4
signer34_sample470,27
signer34_sample471,95
signer34_sample472,125
signer34_sample473,106
signer34_sample474,31
signer34_sample475,154
signer34_sample476,22
signer34_sample477,140
signer34_sample478,174
signer34_sample479,108
signer34_sample48,179
signer34_sample480,185
signer34_sample481,173
signer34_sample482,104
signer34_sample483,4
signer34_sample484,77
signer34_sample485,15
signer34_sample486,174
signer34_sample487,147
signer34_sample488,117
signer34_sample489,219
signer34_sample49,168
signer34_sample490,90
signer34_sample491,30
signer34_sample492,217
signer34_sample493,38
signer34_sample494,151
signer34_sample495,115
signer34_sample496,94
signer34_sample497,79
signer34_sample498,114
signer34_sample499,73
signer34_sample5,77
signer34_sample50,153
signer34_sample500,119
signer34_sample501,110
signer34_sample502,155
signer34_sample503,70
signer34_sample504,81
signer34_sample505,141
signer34_sample506,196
signer34_sample507,183
signer34_sample508,7
signer34_sample509,5
signer34_sample51,120
signer34_sample510,122
signer34_sample511,38
signer34_sample512,26
signer34_sample513,91
signer34_sample514,10
signer34_sample515,83
signer34_sample516,63
signer34_sample517,116
signer34_sample518,119
signer34_sample519,158
signer34_sample52,9
signer34_sample520,43
signer34_sample521,156
signer34_sample522,57
signer34_sample523,35
signer34_sample524,159
signer34_sample525,58
signer34_sample526,193
signer34_sample527,152
signer34_sample528,9
signer34_sample529,145
signer34_sample53,185
signer34_sample530,164
signer34_sample531,191
signer34_sample532,185
signer34_sample533,213
signer34_sample534,182
signer34_sample535,171
signer34_sample536,103
signer34_sample537,60
signer34_sample538,118
signer34_sample539,104
signer34_sample54,210
signer34_sample540,19
signer34_sample541,71
signer34_sample542,53
signer34_sample543,220
signer34_sample544,83
signer34_sample545,122
signer34_sample546,158
signer34_sample547,181
signer34_sample548,184
signer34_sample549,98
signer34_sample55,164
signer34_sample550,153
signer34_sample551,197
signer34_sample552,154
signer34_sample553,72
signer34_sample554,166
signer34_sample555,141
signer34_sample556,19
signer34_sample557,78
signer34_sample558,13
signer34_sample559,84
signer34_sample56,221
signer34_sample560,146
signer34_sample561,178
signer34_sample562,50
signer34_sample563,77
signer34_sample564,156
signer34_sample565,135
signer34_sample566,203
signer34_sample567,66
signer34_sample568,190
signer34_sample569,136
signer34_sample57,92
signer34_sample570,88
signer34_sample571,66
signer34_sample572,201
signer34_sample573,122
signer34_sample574,123
signer34_sample575,4
signer34_sample576,69
signer34_sample577,208
signer34_sample578,37
signer34_sample579,132
signer34_sample58,216
signer34_sample580,93
signer34_sample581,160
signer34_sample582,208
signer34_sample583,21
signer34_sample584,0
signer34_sample585,171
signer34_sample586,93
signer34_sample587,75
signer34_sample588,42
signer34_sample589,43
signer34_sample59,187
signer34_sample590,108
signer34_sample591,173
signer34_sample592,73
signer34_sample593,29
signer34_sample594,32
signer34_sample595,222
signer34_sample596,20
signer34_sample597,167
signer34_sample598,128
signer34_sample599,54
signer34_sample6,131
signer34_sample60,37
signer34_sample600,199
signer34_sample601,2
signer34_sample602,156
signer34_sample603,223
signer34_sample604,67
signer34_sample605,49
signer34_sample606,189
signer34_sample607,152
signer34_sample608,79
signer34_sample609,183
signer34_sample61,96
signer34_sample610,188
signer34_sample611,172
signer34_sample612,46
signer34_sample613,29
signer34_sample614,212
signer34_sample615,219
signer34_sample616,112
signer34_sample617,194
signer34_sample618,5
signer34_sample619,96
signer34_sample62,41
signer34_sample620,37
signer34_sample621,37
signer34_sample622,172
signer34_sample623,105
signer34_sample624,157
signer34_sample625,85
signer34_sample626,81
signer34_sample627,111
signer34_sample628,113
signer34_sample629,189
signer34_sample63,143
signer34_sample630,7
signer34_sample631,207
signer34_sample632,63
signer34_sample633,133
signer34_sample634,125
signer34_sample635,62
signer34_sample636,172
signer34_sample637,221
signer34_sample638,70
signer34_sample639,180
signer34_sample64,59
signer34_sample640,166
signer34_sample641,43
signer34_sample642,71
signer34_sample643,14
signer34_sample644,123
signer34_sample645,45
signer34_sample646,130
signer34_sample647,96
signer34_sample648,199
signer34_sample649,10
signer34_sample65,184
signer34_sample650,96
signer34_sample651,103
signer34_sample652,194
signer34_sample653,99
signer34_sample654,50
signer34_sample655,40
signer34_sample656,89
signer34_sample657,82
signer34_sample66,209
signer34_sample67,43
signer34_sample68,202
signer34_sample69,126
signer34_sample7,114
signer34_sample70,165
signer34_sample71,5
signer34_sample72,184
signer34_sample73,116
signer34_sample74,61
signer34_sample75,211
signer34_sample76,69
signer34_sample77,85
signer34_sample78,40
signer34_sample79,22
signer34_sample8,143
signer34_sample80,49
signer34_sample81,37
signer34_sample82,74
signer34_sample83,202
signer34_sample84,170
signer34_sample85,162
signer34_sample86,103
signer34_sample87,153
signer34_sample88,73
signer34_sample89,160
signer34_sample9,135
signer34_sample90,67
signer34_sample91,128
signer34_sample92,204
signer34_sample93,122
signer34_sample94,155
signer34_sample95,3
signer34_sample96,223
signer34_sample97,94
signer34_sample98,159
signer34_sample99,8
signer39_sample1,5
signer39_sample10,82
signer39_sample100,21
signer39_sample101,49
signer39_sample102,20
signer39_sample103,35
signer39_sample104,63
signer39_sample105,44
signer39_sample106,75
signer39_sample107,28
signer39_sample108,216
signer39_sample109,127
signer39_sample11,223
signer39_sample110,213
signer39_sample111,95
signer39_sample112,3
signer39_sample113,137
signer39_sample114,131
signer39_sample115,52
signer39_sample116,148
signer39_sample117,224
signer39_sample118,96
signer39_sample119,41
signer39_sample12,2
signer39_sample120,42
signer39_sample121,110
signer39_sample122,60
signer39_sample123,145
signer39_sample124,32
signer39_sample125,36
signer39_sample126,80
signer39_sample127,14
signer39_sample128,115
signer39_sample129,52
signer39_sample13,78
signer39_sample130,16
signer39_sample131,118
signer39_sample132,64
signer39_sample133,69
signer39_sample134,64
signer39_sample135,223
signer39_sample136,13
signer39_sample137,14
signer39_sample138,194
signer39_sample139,88
signer39_sample14,56
signer39_sample140,159
signer39_sample141,126
signer39_sample142,173
signer39_sample143,85
signer39_sample144,119
signer39_sample145,1
signer39_sample146,18
signer39_sample147,157
signer39_sample148,29
signer39_sample149,156
signer39_sample15,26
signer39_sample150,91
signer39_sample151,219
signer39_sample152,194
signer39_sample153,208
signer39_sample154,23
signer39_sample155,94
signer39_sample156,142
signer39_sample157,139
signer39_sample158,169
signer39_sample159,191
signer39_sample16,68
signer39_sample160,190
signer39_sample161,110
signer39_sample162,135
signer39_sample163,125
signer39_sample164,23
signer39_sample165,37
signer39_sample166,48
signer39_sample167,72
signer39_sample168,27
signer39_sample169,113
signer39_sample17,110
signer39_sample170,170
signer39_sample171,149
signer39_sample172,23
signer39_sample173,81
signer39_sample174,11
signer39_sample175,137
signer39_sample176,50
signer39_sample177,60
signer39_sample178,213
signer39_sample179,116
signer39_sample18,110
signer39_sample180,152
signer39_sample181,196
signer39_sample182,83
signer39_sample183,5
signer39_sample184,102
signer39_sample185,35
signer39_sample186,174
signer39_sample187,104
signer39_sample188,219
signer39_sample189,167
signer39_sample19,134
signer39_sample190,133
signer39_sample191,197
signer39_sample192,130
signer39_sample193,115
signer39_sample194,55
signer39_sample195,27
signer39_sample196,119
signer39_sample197,145
signer39_sample198,159
signer39_sample199,185
signer39_sample2,49
signer39_sample20,138
signer39_sample200,209
signer39_sample201,185
signer39_sample202,24
signer39_sample203,136
signer39_sample204,66
signer39_sample205,25
signer39_sample206,201
signer39_sample207,0
signer39_sample208,166
signer39_sample209,96
signer39_sample21,160
signer39_sample210,84
signer39_sample211,114
signer39_sample212,92
signer39_sample213,219
signer39_sample214,28
signer39_sample215,62
signer39_sample216,210
signer39_sample217,36
signer39_sample218,199
signer39_sample219,116
signer39_sample22,63
signer39_sample220,174
signer39_sample221,85
signer39_sample222,183
signer39_sample223,54
signer39_sample224,23
signer39_sample225,108
signer39_sample226,139
signer39_sample227,124
signer39_sample228,77
signer39_sample229,193
signer39_sample23,57
signer39_sample230,100
signer39_sample231,125
signer39_sample232,117
signer39_sample233,8
signer39_sample234,59
signer39_sample235,103
signer39_sample236,46
signer39_sample237,86
signer39_sample238,25
signer39_sample239,214
signer39_sample24,66
signer39_sample240,128
signer39_sample241,177
signer39_sample242,209
signer39_sample243,61
signer39_sample244,22
signer39_sample245,42
signer39_sample246,1
signer39_sample247,110
signer39_sample248,43
signer39_sample249,222
signer39_sample25,57
signer39_sample250,203
signer39_sample251,202
signer39_sample252,22
signer39_sample253,174
signer39_sample254,188
signer39_sample255,143
signer39_sample256,16
signer39_sample257,225
signer39_sample258,30
signer39_sample259,142
signer39_sample26,200
signer39_sample260,20
signer39_sample261,106
signer39_sample262,198
signer39_sample263,185
signer39_sample264,194
signer39_sample265,104
signer39_sample266,150
signer39_sample267,92
signer39_sample268,116
signer39_sample269,15
signer39_sample27,21
signer39_sample270,42
signer39_sample271,42
signer39_sample272,68
signer39_sample273,144
signer39_sample274,17
signer39_sample275,194
signer39_sample276,146
signer39_sample277,63
signer39_sample278,200
signer39_sample279,5
signer39_sample28,105
signer39_sample280,113
signer39_sample281,46
signer39_sample282,160
signer39_sample283,220
signer39_sample284,94
signer39_sample285,135
signer39_sample286,38
signer39_sample287,108
signer39_sample288,138
signer39_sample289,128
signer39_sample29,32
signer39_sample290,77
signer39_sample291,42
signer39_sample292,85
signer39_sample293,75
signer39_sample294,89
signer39_sample295,58
signer39_sample296,148
signer39_sample297,26
signer39_sample298,33
signer39_sample299,65
signer39_sample3,213
signer39_sample30,73
signer39_sample300,2
signer39_sample301,152
signer39_sample302,110
signer39_sample303,132
signer39_sample304,105
signer39_sample305,3
signer39_sample306,55
signer39_sample307,136
signer39_sample308,207
signer39_sample309,42
signer39_sample31,41
signer39_sample310,74
signer39_sample311,117
signer39_sample312,188
signer39_sample313,222
signer39_sample314,96
signer39_sample315,209
signer39_sample316,136
signer39_sample317,22
signer39_sample318,99
signer39_sample319,142
signer39_sample32,51
signer39_sample320,143
signer39_sample321,32
signer39_sample322,34
signer39_sample323,160
signer39_sample324,166
signer39_sample325,43
signer39_sample326,207
signer39_sample327,110
signer39_sample328,40
signer39_sample329,15
signer39_sample33,149
signer39_sample330,7
signer39_sample331,95
signer39_sample332,200
signer39_sample333,50
signer39_sample334,104
signer39_sample335,157
signer39_sample336,218
signer39_sample337,12
signer39_sample338,88
signer39_sample339,126
signer39_sample34,180
signer39_sample340,196
signer39_sample341,225
signer39_sample342,23
signer39_sample343,195
signer39_sample344,62
signer39_sample345,205
signer39_sample346,173
signer39_sample347,151
signer39_sample348,15
signer39_sample349,207
signer39_sample35,33
signer39_sample350,126
signer39_sample351,153
signer39_sample352,174
signer39_sample353,183
signer39_sample354,209
signer39_sample355,225
signer39_sample356,40
signer39_sample357,17
signer39_sample358,72
signer39_sample359,94
signer39_sample36,89
signer39_sample360,125
signer39_sample361,115
signer39_sample362,160
signer39_sample363,208
signer39_sample364,189
signer39_sample365,29
signer39_sample366,32
signer39_sample367,161
signer39_sample368,85
signer39_sample369,143
signer39_sample37,28
signer39_sample370,188
signer39_sample371,151
signer39_sample372,63
signer39_sample373,125
signer39_sample374,18
signer39_sample375,141
signer39_sample376,132
signer39_sample377,134
signer39_sample378,125
signer39_sample379,191
signer39_sample38,22
signer39_sample380,51
signer39_sample381,31
signer39_sample382,210
signer39_sample383,176
signer39_sample384,110
signer39_sample385,108
signer39_sample386,195
signer39_sample387,202
signer39_sample388,35
signer39_sample389,117
signer39_sample39,207
signer39_sample390,78
signer39_sample391,38
signer39_sample392,93
signer39_sample393,205
signer39_sample394,65
signer39_sample395,23
signer39_sample396,209
signer39_sample397,189
signer39_sample398,70
signer39_sample399,72
signer39_sample4,110
signer39_sample40,83
signer39_sample400,93
signer39_sample401,127
signer39_sample402,121
signer39_sample403,42
signer39_sample404,181
signer39_sample405,41
signer39_sample406,63
signer39_sample407,49
signer39_sample408,170
signer39_sample409,201
signer39_sample41,48
signer39_sample410,169
signer39_sample411,10
signer39_sample412,158
signer39_sample413,134
signer39_sample414,50
signer39_sample415,96
signer39_sample416,32
signer39_sample417,224
signer39_sample418,61
signer39_sample419,148
signer39_sample42,111
signer39_sample420,213
signer39_sample421,2
signer39_sample422,37
signer39_sample423,19
signer39_sample424,57
signer39_sample425,0
signer39_sample426,110
signer39_sample427,222
signer39_sample428,109
signer39_sample429,7
signer39_sample43,148
signer39_sample430,199
signer39_sample431,93
signer39_sample432,212
signer39_sample433,60
signer39_sample434,38
signer39_sample435,195
signer39_sample436,27
signer39_sample437,181
signer39_sample438,13
signer39_sample439,177
signer39_sample44,157
signer39_sample440,14
signer39_sample441,80
signer39_sample442,180
signer39_sample443,110
signer39_sample444,54
signer39_sample445,59
signer39_sample446,176
signer39_sample447,132
signer39_sample448,124
signer39_sample449,30
signer39_sample45,210
signer39_sample450,88
signer39_sample451,148
signer39_sample452,6
signer39_sample453,160
signer39_sample454,69
signer39_sample455,145
signer39_sample456,160
signer39_sample457,86
signer39_sample458,188
signer39_sample459,44
signer39_sample46,146
signer39_sample460,67
signer39_sample461,223
signer39_sample462,161
signer39_sample463,64
signer39_sample464,89
signer39_sample465,137
signer39_sample466,160
signer39_sample467,196
signer39_sample468,39
signer39_sample469,141
signer39_sample47,81
signer39_sample470,193
signer39_sample471,92
signer39_sample472,4
signer39_sample473,119
signer39_sample474,218
signer39_sample475,194
signer39_sample476,170
signer39_sample477,62
signer39_sample478,202
signer39_sample479,55
signer39_sample48,208
signer39_sample480,30
signer39_sample481,183
signer39_sample482,16
signer39_sample483,147
signer39_sample484,120
signer39_sample485,95
signer39_sample486,110
signer39_sample487,168
signer39_sample488,142
signer39_sample489,64
signer39_sample49,220
signer39_sample490,58
signer39_sample491,166
signer39_sample492,158
signer39_sample493,80
signer39_sample494,127
signer39_sample495,216
signer39_sample496,179
signer39_sample497,81
signer39_sample498,113
signer39_sample499,8
signer39_sample5,110
signer39_sample50,55
signer39_sample500,224
signer39_sample501,82
signer39_sample502,139
signer39_sample503,140
signer39_sample504,1
signer39_sample505,186
signer39_sample506,68
signer39_sample507,48
signer39_sample508,98
signer39_sample509,209
signer39_sample51,154
signer39_sample510,151
signer39_sample511,150
signer39_sample512,67
signer39_sample513,40
signer39_sample514,136
signer39_sample515,4
signer39_sample516,179
signer39_sample517,180
signer39_sample518,143
signer39_sample519,8
signer39_sample52,21
signer39_sample520,204
signer39_sample521,32
signer39_sample522,179
signer39_sample523,110
signer39_sample524,18
signer39_sample525,31
signer39_sample526,73
signer39_sample527,25
signer39_sample528,6
signer39_sample529,112
signer39_sample53,4
signer39_sample530,204
signer39_sample531,64
signer39_sample532,61
signer39_sample533,218
signer39_sample534,31
signer39_sample535,96
signer39_sample536,75
signer39_sample537,165
signer39_sample538,55
signer39_sample539,168
signer39_sample54,125
signer39_sample540,184
signer39_sample541,22
signer39_sample542,199
signer39_sample543,35
signer39_sample544,20
signer39_sample545,84
signer39_sample546,165
signer39_sample547,17
signer39_sample548,149
signer39_sample549,6
signer39_sample55,136
signer39_sample550,6
signer39_sample551,165
signer39_sample552,158
signer39_sample553,113
signer39_sample554,182
signer39_sample555,138
signer39_sample556,118
signer39_sample557,96
signer39_sample558,219
signer39_sample559,149
signer39_sample56,45
signer39_sample560,70
signer39_sample561,133
signer39_sample562,136
signer39_sample563,154
signer39_sample564,35
signer39_sample565,54
signer39_sample566,94
signer39_sample567,111
signer39_sample568,69
signer39_sample569,128
signer39_sample57,16
signer39_sample570,178
signer39_sample571,131
signer39_sample572,160
signer39_sample573,3
signer39_sample574,206
signer39_sample575,205
signer39_sample576,96
signer39_sample577,153
signer39_sample578,182
signer39_sample579,175
signer39_sample58,151
signer39_sample580,96
signer39_sample581,192
signer39_sample582,168
signer39_sample583,135
signer39_sample584,195
signer39_sample585,105
signer39_sample586,19
signer39_sample587,109
signer39_sample588,46
signer39_sample589,124
signer39_sample59,74
signer39_sample590,155
signer39_sample591,82
signer39_sample592,182
signer39_sample593,125
signer39_sample594,96
signer39_sample595,51
signer39_sample596,214
signer39_sample597,130
signer39_sample598,42
signer39_sample599,216
signer39_sample6,110
signer39_sample60,148
signer39_sample600,197
signer39_sample601,41
signer39_sample602,83
signer39_sample603,207
signer39_sample604,209
signer39_sample605,206
signer39_sample606,114
signer39_sample607,66
signer39_sample608,141
signer39_sample609,198
signer39_sample61,219
signer39_sample610,159
signer39_sample611,33
signer39_sample612,37
signer39_sample613,102
signer39_sample614,154
signer39_sample615,11
signer39_sample616,183
signer39_sample617,208
signer39_sample618,20
signer39_sample619,45
signer39_sample62,74
signer39_sample620,43
signer39_sample621,135
signer39_sample622,183
signer39_sample623,14
signer39_sample624,167
signer39_sample625,101
signer39_sample626,32
signer39_sample627,178
signer39_sample628,110
signer39_sample629,58
signer39_sample63,80
signer39_sample630,125
signer39_sample631,20
signer39_sample632,29
signer39_sample633,118
signer39_sample634,188
signer39_sample635,23
signer39_sample636,211
signer39_sample637,120
signer39_sample638,45
signer39_sample639,56
signer39_sample64,12
signer39_sample640,152
signer39_sample641,121
signer39_sample642,125
signer39_sample643,98
signer39_sample644,39
signer39_sample645,11
signer39_sample646,206
signer39_sample647,109
signer39_sample648,148
signer39_sample649,77
signer39_sample65,36
signer39_sample650,160
signer39_sample651,0
signer39_sample652,25
signer39_sample653,121
signer39_sample654,52
signer39_sample655,198
signer39_sample656,107
signer39_sample657,26
signer39_sample658,40
signer39_sample659,112
signer39_sample66,147
signer39_sample660,136
signer39_sample661,169
signer39_sample662,103
signer39_sample663,50
signer39_sample664,191
signer39_sample665,189
signer39_sample67,34
signer39_sample68,214
signer39_sample69,220
signer39_sample7,39
signer39_sample70,101
signer39_sample71,166
signer39_sample72,133
signer39_sample73,161
signer39_sample74,35
signer39_sample75,167
signer39_sample76,136
signer39_sample77,177
signer39_sample78,166
signer39_sample79,161
signer39_sample8,120
signer39_sample80,130
signer39_sample81,91
signer39_sample82,153
signer39_sample83,183
signer39_sample84,55
signer39_sample85,98
signer39_sample86,136
signer39_sample87,204
signer39_sample88,56
signer39_sample89,86
signer39_sample9,89
signer39_sample90,44
signer39_sample91,110
signer39_sample92,65
signer39_sample93,89
signer39_sample94,149
signer39_sample95,149
signer39_sample96,100
signer39_sample97,181
signer39_sample98,193
signer39_sample99,201
signer6_sample1,114
signer6_sample10,41
signer6_sample100,130
signer6_sample101,97
signer6_sample102,23
signer6_sample103,70
signer6_sample104,164
signer6_sample105,70
signer6_sample106,180
signer6_sample107,172
signer6_sample108,1
signer6_sample109,147
signer6_sample11,2
signer6_sample110,58
signer6_sample111,60
signer6_sample112,23
signer6_sample113,147
signer6_sample114,205
signer6_sample115,111
signer6_sample116,151
signer6_sample117,68
signer6_sample118,129
signer6_sample119,221
signer6_sample12,139
signer6_sample120,167
signer6_sample121,94
signer6_sample122,84
signer6_sample123,65
signer6_sample124,21
signer6_sample125,65
signer6_sample126,206
signer6_sample127,158
signer6_sample128,13
signer6_sample129,64
signer6_sample13,75
signer6_sample130,153
signer6_sample131,61
signer6_sample132,69
signer6_sample133,172
signer6_sample134,99
signer6_sample135,56
signer6_sample136,81
signer6_sample137,128
signer6_sample138,206
signer6_sample139,5
signer6_sample14,221
signer6_sample140,144
signer6_sample141,26
signer6_sample142,122
signer6_sample143,1
signer6_sample144,219
signer6_sample145,81
signer6_sample146,203
signer6_sample147,116
signer6_sample148,222
signer6_sample149,56
signer6_sample15,7
signer6_sample150,114
signer6_sample151,101
signer6_sample152,40
signer6_sample153,25
signer6_sample154,119
signer6_sample155,105
signer6_sample156,74
signer6_sample157,146
signer6_sample158,36
signer6_sample159,53
signer6_sample16,46
signer6_sample160,37
signer6_sample161,154
signer6_sample162,1
signer6_sample163,29
signer6_sample164,164
signer6_sample165,150
signer6_sample166,10
signer6_sample167,128
signer6_sample168,144
signer6_sample169,177
signer6_sample17,173
signer6_sample170,73
signer6_sample171,116
signer6_sample172,8
signer6_sample173,187
signer6_sample174,28
signer6_sample175,73
signer6_sample176,110
signer6_sample177,154
signer6_sample178,122
signer6_sample179,78
signer6_sample18,23
signer6_sample180,20
signer6_sample181,213
signer6_sample182,159
signer6_sample183,76
signer6_sample184,124
signer6_sample185,50
signer6_sample186,157
signer6_sample187,132
signer6_sample188,138
signer6_sample189,175
signer6_sample19,8
signer6_sample190,196
signer6_sample191,160
signer6_sample192,60
signer6_sample193,107
signer6_sample194,218
signer6_sample195,122
signer6_sample196,140
signer6_sample197,54
signer6_sample198,113
signer6_sample199,24
signer6_sample2,205
signer6_sample20,22
signer6_sample200,158
signer6_sample201,97
signer6_sample202,68
signer6_sample203,17
signer6_sample204,202
signer6_sample205,143
signer6_sample206,12
signer6_sample207,75
signer6_sample208,146
signer6_sample209,219
signer6_sample21,156
signer6_sample210,187
signer6_sample211,90
signer6_sample212,218
signer6_sample213,122
signer6_sample214,53
signer6_sample215,41
signer6_sample216,40
signer6_sample217,102
signer6_sample218,54
signer6_sample219,81
signer6_sample22,106
signer6_sample220,163
signer6_sample221,225
signer6_sample222,110
signer6_sample223,87
signer6_sample224,76
signer6_sample225,107
signer6_sample226,172
signer6_sample227,145
signer6_sample228,115
signer6_sample229,165
signer6_sample23,49
signer6_sample230,48
signer6_sample231,83
signer6_sample232,169
signer6_sample233,63
signer6_sample234,14
signer6_sample235,50
signer6_sample236,15
signer6_sample237,67
signer6_sample238,0
signer6_sample239,218
signer6_sample24,214
signer6_sample240,219
signer6_sample241,206
signer6_sample242,141
signer6_sample243,187
signer6_sample244,116
signer6_sample245,128
signer6_sample246,6
signer6_sample247,91
signer6_sample248,33
signer6_sample249,49
signer6_sample25,63
signer6_sample250,87
signer6_sample251,27
signer6_sample252,118
signer6_sample253,139
signer6_sample254,165
signer6_sample255,120
signer6_sample256,21
signer6_sample257,153
signer6_sample258,79
signer6_sample259,60
signer6_sample26,201
signer6_sample260,80
signer6_sample261,222
signer6_sample262,160
signer6_sample263,181
signer6_sample264,173
signer6_sample265,11
signer6_sample266,113
signer6_sample267,79
signer6_sample268,197
signer6_sample269,211
signer6_sample27,38
signer6_sample270,188
signer6_sample271,178
signer6_sample272,199
signer6_sample273,155
signer6_sample274,21
signer6_sample275,136
signer6_sample276,0
signer6_sample277,66
signer6_sample278,70
signer6_sample279,211
signer6_sample28,208
signer6_sample280,184
signer6_sample281,108
signer6_sample282,183
signer6_sample283,130
signer6_sample284,185
signer6_sample285,223
signer6_sample286,145
signer6_sample287,109
signer6_sample288,48
signer6_sample289,48
signer6_sample29,135
signer6_sample290,191
signer6_sample291,6
signer6_sample292,119
signer6_sample293,138
signer6_sample294,182
signer6_sample295,9
signer6_sample296,143
signer6_sample297,86
signer6_sample298,121
signer6_sample299,104
signer6_sample3,77
signer6_sample30,25
signer6_sample300,104
signer6_sample301,169
signer6_sample302,165
signer6_sample303,132
signer6_sample304,60
signer6_sample305,58
signer6_sample306,90
signer6_sample307,197
signer6_sample308,108
signer6_sample309,32
signer6_sample31,2
signer6_sample310,170
signer6_sample311,0
signer6_sample312,130
signer6_sample313,26
signer6_sample314,193
signer6_sample315,26
signer6_sample316,56
signer6_sample317,164
signer6_sample318,148
signer6_sample319,213
signer6_sample32,196
signer6_sample320,120
signer6_sample321,75
signer6_sample322,46
signer6_sample323,111
signer6_sample324,48
signer6_sample325,191
signer6_sample326,95
signer6_sample327,124
signer6_sample328,117
signer6_sample329,67
signer6_sample33,71
signer6_sample330,101
signer6_sample331,184
signer6_sample332,195
signer6_sample333,113
signer6_sample334,105
signer6_sample335,213
signer6_sample336,186
signer6_sample337,197
signer6_sample338,220
signer6_sample339,147
signer6_sample34,163
signer6_sample340,200
signer6_sample341,82
signer6_sample342,195
signer6_sample343,49
signer6_sample344,4
signer6_sample345,191
signer6_sample346,95
signer6_sample347,134
signer6_sample348,224
signer6_sample349,133
signer6_sample35,4
signer6_sample350,165
signer6_sample351,20
signer6_sample352,175
signer6_sample353,198
signer6_sample354,59
signer6_sample355,135
signer6_sample356,14
signer6_sample357,90
signer6_sample358,8
signer6_sample359,59
signer6_sample36,126
signer6_sample360,196
signer6_sample361,180
signer6_sample362,39
signer6_sample363,175
signer6_sample364,101
signer6_sample365,189
signer6_sample366,128
signer6_sample367,111
signer6_sample368,112
signer6_sample369,68
signer6_sample37,126
signer6_sample370,118
signer6_sample371,125
signer6_sample372,55
signer6_sample373,8
signer6_sample374,176
signer6_sample375,65
signer6_sample376,76
signer6_sample377,54
signer6_sample378,187
signer6_sample379,140
signer6_sample38,138
signer6_sample380,80
signer6_sample381,173
signer6_sample382,141
signer6_sample383,151
signer6_sample384,220
signer6_sample385,78
signer6_sample386,117
signer6_sample387,223
signer6_sample388,42
signer6_sample389,47
signer6_sample39,204
signer6_sample390,89
signer6_sample391,44
signer6_sample392,149
signer6_sample393,202
signer6_sample394,186
signer6_sample395,169
signer6_sample396,69
signer6_sample397,96
signer6_sample398,7
signer6_sample399,127
signer6_sample4,212
signer6_sample40,144
signer6_sample400,68
signer6_sample401,166
signer6_sample402,198
signer6_sample403,194
signer6_sample404,47
signer6_sample405,165
signer6_sample406,149
signer6_sample407,114
signer6_sample408,64
signer6_sample409,186
signer6_sample41,209
signer6_sample410,66
signer6_sample411,103
signer6_sample412,96
signer6_sample413,33
signer6_sample414,210
signer6_sample415,214
signer6_sample416,18
signer6_sample417,215
signer6_sample418,49
signer6_sample419,69
signer6_sample42,5
signer6_sample420,169
signer6_sample421,169
signer6_sample422,32
signer6_sample423,168
signer6_sample424,71
signer6_sample425,122
signer6_sample426,18
signer6_sample427,127
signer6_sample428,85
signer6_sample429,105
signer6_sample43,19
signer6_sample430,168
signer6_sample431,49
signer6_sample432,133
signer6_sample433,111
signer6_sample434,137
signer6_sample435,204
signer6_sample436,17
signer6_sample437,179
signer6_sample438,94
signer6_sample439,79
signer6_sample44,215
signer6_sample440,182
signer6_sample441,85
signer6_sample442,175
signer6_sample443,149
signer6_sample444,27
signer6_sample445,115
signer6_sample446,155
signer6_sample447,156
signer6_sample448,95
signer6_sample449,220
signer6_sample45,90
signer6_sample450,198
signer6_sample451,152
signer6_sample452,83
signer6_sample453,143
signer6_sample454,22
signer6_sample455,136
signer6_sample456,98
signer6_sample457,181
signer6_sample458,126
signer6_sample459,125
signer6_sample46,145
signer6_sample460,117
signer6_sample461,72
signer6_sample462,171
signer6_sample463,73
signer6_sample464,77
signer6_sample465,186
signer6_sample466,185
signer6_sample467,225
signer6_sample468,84
signer6_sample469,15
signer6_sample47,143
signer6_sample470,41
signer6_sample471,108
signer6_sample472,179
signer6_sample473,143
signer6_sample474,200
signer6_sample475,167
signer6_sample476,38
signer6_sample477,163
signer6_sample478,62
signer6_sample479,114
signer6_sample48,215
signer6_sample480,34
signer6_sample481,108
signer6_sample482,18
signer6_sample483,150
signer6_sample484,24
signer6_sample485,225
signer6_sample486,17
signer6_sample487,51
signer6_sample488,16
signer6_sample489,139
signer6_sample49,3
signer6_sample490,137
signer6_sample491,64
signer6_sample492,123
signer6_sample493,192
signer6_sample494,190
signer6_sample495,51
signer6_sample496,141
signer6_sample497,6
signer6_sample498,205
signer6_sample499,152
signer6_sample5,194
signer6_sample50,90
signer6_sample500,29
signer6_sample501,156
signer6_sample502,16
signer6_sample503,98
signer6_sample504,160
signer6_sample505,175
signer6_sample506,95
signer6_sample507,63
signer6_sample508,19
signer6_sample509,187
signer6_sample51,135
signer6_sample510,38
signer6_sample511,74
signer6_sample512,187
signer6_sample513,99
signer6_sample514,168
signer6_sample515,159
signer6_sample516,150
signer6_sample517,33
signer6_sample518,13
signer6_sample519,88
signer6_sample52,120
signer6_sample520,9
signer6_sample521,157
signer6_sample522,34
signer6_sample523,43
signer6_sample524,29
signer6_sample525,36
signer6_sample526,192
signer6_sample527,52
signer6_sample528,92
signer6_sample529,158
signer6_sample53,211
signer6_sample530,153
signer6_sample531,205
signer6_sample532,77
signer6_sample533,139
signer6_sample534,203
signer6_sample535,45
signer6_sample536,57
signer6_sample537,185
signer6_sample538,109
signer6_sample539,86
signer6_sample54,152
signer6_sample540,17
signer6_sample541,16
signer6_sample542,67
signer6_sample543,208
signer6_sample544,42
signer6_sample545,23
signer6_sample546,61
signer6_sample547,194
signer6_sample548,14
signer6_sample549,99
signer6_sample55,85
signer6_sample550,100
signer6_sample551,124
signer6_sample552,45
signer6_sample553,56
signer6_sample554,202
signer6_sample555,10
signer6_sample556,36
signer6_sample557,25
signer6_sample558,9
signer6_sample559,58
signer6_sample56,162
signer6_sample560,84
signer6_sample561,168
signer6_sample562,24
signer6_sample563,106
signer6_sample564,127
signer6_sample565,23
signer6_sample566,15
signer6_sample567,187
signer6_sample568,193
signer6_sample569,183
signer6_sample57,223
signer6_sample570,151
signer6_sample571,159
signer6_sample572,125
signer6_sample573,109
signer6_sample574,32
signer6_sample575,199
signer6_sample576,205
signer6_sample577,221
signer6_sample578,23
signer6_sample579,102
signer6_sample58,122
signer6_sample580,50
signer6_sample581,77
signer6_sample582,42
signer6_sample583,72
signer6_sample584,45
signer6_sample585,174
signer6_sample586,119
signer6_sample587,123
signer6_sample588,22
signer6_sample589,82
signer6_sample59,111
signer6_sample590,182
signer6_sample591,199
signer6_sample592,71
signer6_sample593,217
signer6_sample594,118
signer6_sample595,16
signer6_sample596,49
signer6_sample597,187
signer6_sample598,189
signer6_sample599,217
signer6_sample6,170
signer6_sample60,167
signer6_sample600,53
signer6_sample601,170
signer6_sample602,127
signer6_sample603,179
signer6_sample604,194
signer6_sample605,210
signer6_sample606,104
signer6_sample607,201
signer6_sample608,144
signer6_sample609,116
signer6_sample61,88
signer6_sample610,174
signer6_sample611,46
signer6_sample612,203
signer6_sample613,170
signer6_sample614,188
signer6_sample615,209
signer6_sample616,103
signer6_sample617,136
signer6_sample618,61
signer6_sample619,172
signer6_sample62,8
signer6_sample620,217
signer6_sample621,134
signer6_sample622,57
signer6_sample623,59
signer6_sample624,115
signer6_sample625,225
signer6_sample626,57
signer6_sample627,203
signer6_sample628,75
signer6_sample629,36
signer6_sample63,34
signer6_sample630,150
signer6_sample631,3
signer6_sample632,102
signer6_sample633,67
signer6_sample634,128
signer6_sample635,154
signer6_sample636,136
signer6_sample637,93
signer6_sample638,161
signer6_sample639,0
signer6_sample64,112
signer6_sample640,147
signer6_sample641,35
signer6_sample642,58
signer6_sample643,121
signer6_sample644,2
signer6_sample645,134
signer6_sample646,88
signer6_sample647,43
signer6_sample648,122
signer6_sample649,176
signer6_sample65,37
signer6_sample650,72
signer6_sample651,35
signer6_sample652,211
signer6_sample653,145
signer6_sample654,96
signer6_sample655,192
signer6_sample656,0
signer6_sample657,180
signer6_sample658,31
signer6_sample659,7
signer6_sample66,157
signer6_sample660,98
signer6_sample661,207
signer6_sample662,112
signer6_sample663,111
signer6_sample664,11
signer6_sample665,193
signer6_sample666,137
signer6_sample667,49
signer6_sample668,87
signer6_sample669,177
signer6_sample67,30
signer6_sample670,203
signer6_sample671,178
signer6_sample672,92
signer6_sample673,19
signer6_sample674,217
signer6_sample675,207
signer6_sample676,51
signer6_sample677,184
signer6_sample678,83
signer6_sample68,189
signer6_sample69,31
signer6_sample7,94
signer6_sample70,91
signer6_sample71,165
signer6_sample72,178
signer6_sample73,207
signer6_sample74,92
signer6_sample75,59
signer6_sample76,174
signer6_sample77,140
signer6_sample78,102
signer6_sample79,201
signer6_sample8,5
signer6_sample80,222
signer6_sample81,79
signer6_sample82,157
signer6_sample83,8
signer6_sample84,43
signer6_sample85,106
signer6_sample86,66
signer6_sample87,59
signer6_sample88,205
signer6_sample89,177
signer6_sample9,214
signer6_sample90,55
signer6_sample91,91
signer6_sample92,28
signer6_sample93,3
signer6_sample94,154
signer6_sample95,157
signer6_sample96,30
signer6_sample97,176
signer6_sample98,75
signer6_sample99,157
